check_id,dimension_id,maker,model,generation,trim,drive,transmission,status,checked_values,differences,source,note
"1","4339","トヨタ","ヴォクシー","90系 (2022-)","S-G 2.0L","2WD","CVT","照合項目一致","全長mm=4695 / 全幅mm=1730 / 全高mm=1895","","https://toyota.jp/pages/contents/carlineup/archive/voxy/2022-01/pdf/voxy_main_s_202201_202504.pdf","90系、2022年1月〜2025年改良前。重量は装備条件があるため別途確認。"
"2","4340","トヨタ","ヴォクシー","90系 (2022-)","S-G 2.0L","4WD","CVT","誤り確認","全長mm=4695 / 全幅mm=1730 / 全高mm=1925","全高mm: 1895 -> 1925","https://toyota.jp/pages/contents/carlineup/archive/voxy/2022-01/pdf/voxy_main_s_202201_202504.pdf","90系、2022年1月〜2025年改良前。重量は装備条件があるため別途確認。"
"3","4341","トヨタ","ヴォクシー","90系 (2022-)","S-Z 2.0L","2WD","CVT","照合項目一致","全長mm=4695 / 全幅mm=1730 / 全高mm=1895","","https://toyota.jp/pages/contents/carlineup/archive/voxy/2022-01/pdf/voxy_main_s_202201_202504.pdf","90系、2022年1月〜2025年改良前。重量は装備条件があるため別途確認。"
"4","4342","トヨタ","ヴォクシー","90系 (2022-)","S-Z HV","2WD","CVT","照合項目一致","全長mm=4695 / 全幅mm=1730 / 全高mm=1895","","https://toyota.jp/pages/contents/carlineup/archive/voxy/2022-01/pdf/voxy_main_s_202201_202504.pdf","90系、2022年1月〜2025年改良前。重量は装備条件があるため別途確認。"
"5","4343","トヨタ","ヴォクシー","90系 (2022-)","S-Z HV","4WD","CVT","誤り確認","全長mm=4695 / 全幅mm=1730 / 全高mm=1925","全高mm: 1895 -> 1925","https://toyota.jp/pages/contents/carlineup/archive/voxy/2022-01/pdf/voxy_main_s_202201_202504.pdf","90系、2022年1月〜2025年改良前。重量は装備条件があるため別途確認。"
"6","4396","ホンダ","N-BOX","3代目 JF5/JF6 (2023-)","ベースグレード","2WD","CVT","照合項目一致","全長mm=3395 / 全幅mm=1475 / 全高mm=1790","","https://www.honda.co.jp/factbook/auto/nbox/202409/4240926-n-box.pdf",""
"7","4397","ホンダ","N-BOX","3代目 JF5/JF6 (2023-)","ベースグレード","4WD","CVT","照合項目一致","全長mm=3395 / 全幅mm=1475 / 全高mm=1815","","https://www.honda.co.jp/factbook/auto/nbox/202409/4240926-n-box.pdf",""
"8","4398","ホンダ","N-BOX","3代目 JF5/JF6 (2023-)","ファッションスタイル","2WD","CVT","照合項目一致","全長mm=3395 / 全幅mm=1475 / 全高mm=1790","","https://www.honda.co.jp/factbook/auto/nbox/202409/4240926-n-box.pdf",""
"9","4399","ホンダ","N-BOX","3代目 JF5/JF6 (2023-)","ファッションスタイル","4WD","CVT","照合項目一致","全長mm=3395 / 全幅mm=1475 / 全高mm=1815","","https://www.honda.co.jp/factbook/auto/nbox/202409/4240926-n-box.pdf",""
"10","4400","ホンダ","N-BOX","3代目 JF5/JF6 (2023-)","Custom ベースグレード","2WD","CVT","照合項目一致","全長mm=3395 / 全幅mm=1475 / 全高mm=1790","","https://www.honda.co.jp/factbook/auto/nbox/202409/4240926-n-box.pdf",""
"11","4401","ホンダ","N-BOX","3代目 JF5/JF6 (2023-)","Custom ベースグレード","4WD","CVT","照合項目一致","全長mm=3395 / 全幅mm=1475 / 全高mm=1815","","https://www.honda.co.jp/factbook/auto/nbox/202409/4240926-n-box.pdf",""
"12","4402","ホンダ","N-BOX","3代目 JF5/JF6 (2023-)","Custom ターボ","2WD","CVT","照合項目一致","全長mm=3395 / 全幅mm=1475 / 全高mm=1790","","https://www.honda.co.jp/factbook/auto/nbox/202409/4240926-n-box.pdf",""
"13","4403","ホンダ","N-BOX","3代目 JF5/JF6 (2023-)","Custom ターボ","4WD","CVT","照合項目一致","全長mm=3395 / 全幅mm=1475 / 全高mm=1815","","https://www.honda.co.jp/factbook/auto/nbox/202409/4240926-n-box.pdf",""
"14","4404","ホンダ","N-BOX","3代目 JF5/JF6 (2023-)","Custom コーディネートスタイル","2WD","CVT","照合項目一致","全長mm=3395 / 全幅mm=1475 / 全高mm=1790","","https://www.honda.co.jp/factbook/auto/nbox/202409/4240926-n-box.pdf",""
"15","4405","ホンダ","N-BOX","3代目 JF5/JF6 (2023-)","Custom コーディネートスタイル","4WD","CVT","照合項目一致","全長mm=3395 / 全幅mm=1475 / 全高mm=1815","","https://www.honda.co.jp/factbook/auto/nbox/202409/4240926-n-box.pdf",""
"16","4406","ホンダ","N-BOX","2代目 JF3/JF4 (2017-2023)","G","2WD","CVT","照合項目一致","全長mm=3395 / 全幅mm=1475 / 全高mm=1790","","https://www.honda.co.jp/auto-archive/nbox/2023/common/pdf/nbox_spec_list.pdf",""
"17","4407","ホンダ","N-BOX","2代目 JF3/JF4 (2017-2023)","G","4WD","CVT","照合項目一致","全長mm=3395 / 全幅mm=1475 / 全高mm=1815","","https://www.honda.co.jp/auto-archive/nbox/2023/common/pdf/nbox_spec_list.pdf",""
"18","4408","ホンダ","N-BOX","2代目 JF3/JF4 (2017-2023)","L","2WD","CVT","照合項目一致","全長mm=3395 / 全幅mm=1475 / 全高mm=1790","","https://www.honda.co.jp/auto-archive/nbox/2023/common/pdf/nbox_spec_list.pdf",""
"19","4409","ホンダ","N-BOX","2代目 JF3/JF4 (2017-2023)","L","4WD","CVT","照合項目一致","全長mm=3395 / 全幅mm=1475 / 全高mm=1815","","https://www.honda.co.jp/auto-archive/nbox/2023/common/pdf/nbox_spec_list.pdf",""
"20","4410","ホンダ","N-BOX","2代目 JF3/JF4 (2017-2023)","EX","2WD","CVT","照合項目一致","全長mm=3395 / 全幅mm=1475 / 全高mm=1790","","https://www.honda.co.jp/auto-archive/nbox/2023/common/pdf/nbox_spec_list.pdf",""
"21","4411","ホンダ","N-BOX","2代目 JF3/JF4 (2017-2023)","EX","4WD","CVT","照合項目一致","全長mm=3395 / 全幅mm=1475 / 全高mm=1815","","https://www.honda.co.jp/auto-archive/nbox/2023/common/pdf/nbox_spec_list.pdf",""
"22","4412","ホンダ","N-BOX","2代目 JF3/JF4 (2017-2023)","Custom L","2WD","CVT","照合項目一致","全長mm=3395 / 全幅mm=1475 / 全高mm=1790","","https://www.honda.co.jp/auto-archive/nbox/2023/common/pdf/nbox_spec_list.pdf",""
"23","4413","ホンダ","N-BOX","2代目 JF3/JF4 (2017-2023)","Custom L","4WD","CVT","照合項目一致","全長mm=3395 / 全幅mm=1475 / 全高mm=1815","","https://www.honda.co.jp/auto-archive/nbox/2023/common/pdf/nbox_spec_list.pdf",""
"24","4414","ホンダ","N-BOX","2代目 JF3/JF4 (2017-2023)","Custom L ターボ","2WD","CVT","照合項目一致","全長mm=3395 / 全幅mm=1475 / 全高mm=1790","","https://www.honda.co.jp/auto-archive/nbox/2023/common/pdf/nbox_spec_list.pdf",""
"25","4415","ホンダ","N-BOX","2代目 JF3/JF4 (2017-2023)","Custom L ターボ","4WD","CVT","照合項目一致","全長mm=3395 / 全幅mm=1475 / 全高mm=1815","","https://www.honda.co.jp/auto-archive/nbox/2023/common/pdf/nbox_spec_list.pdf",""
"26","4416","ホンダ","N-BOX","2代目 JF3/JF4 (2017-2023)","Custom EX ターボ","2WD","CVT","照合項目一致","全長mm=3395 / 全幅mm=1475 / 全高mm=1790","","https://www.honda.co.jp/auto-archive/nbox/2023/common/pdf/nbox_spec_list.pdf",""
"27","4417","ホンダ","N-BOX","2代目 JF3/JF4 (2017-2023)","Custom EX ターボ","4WD","CVT","照合項目一致","全長mm=3395 / 全幅mm=1475 / 全高mm=1815","","https://www.honda.co.jp/auto-archive/nbox/2023/common/pdf/nbox_spec_list.pdf",""
"28","4397","ホンダ","N-BOX","3代目 JF5/JF6 (2023-)","ベースグレード","4WD","CVT","誤り確認","車両重量kg=980","車両重量kg: 960 -> 980","https://www.honda.co.jp/factbook/auto/nbox/202409/4240926-n-box.pdf","2024年9月のベースグレード4WD。"
"29","4403","ホンダ","N-BOX","3代目 JF5/JF6 (2023-)","Custom ターボ","4WD","CVT","誤り確認","車両重量kg=1000","車両重量kg: 990 -> 1000","https://www.honda.co.jp/factbook/auto/nbox/202409/4240926-n-box.pdf","2024年9月CUSTOMターボ4WD。"
"30","4418","ホンダ","フリード","3代目 (2024-)","AIR","2WD","CVT","照合項目一致","全長mm=4310 / 全幅mm=1695 / 全高mm=1755","","https://www.honda.co.jp/factbook/auto/FREED/202406/4240627-freed.pdf",""
"31","4419","ホンダ","フリード","3代目 (2024-)","AIR","4WD","CVT","照合項目一致","全長mm=4310 / 全幅mm=1695 / 全高mm=1780","","https://www.honda.co.jp/factbook/auto/FREED/202406/4240627-freed.pdf",""
"32","4420","ホンダ","フリード","3代目 (2024-)","AIR EX","2WD","CVT","照合項目一致","全長mm=4310 / 全幅mm=1695 / 全高mm=1755","","https://www.honda.co.jp/factbook/auto/FREED/202406/4240627-freed.pdf",""
"33","4421","ホンダ","フリード","3代目 (2024-)","AIR EX","4WD","CVT","照合項目一致","全長mm=4310 / 全幅mm=1695 / 全高mm=1780","","https://www.honda.co.jp/factbook/auto/FREED/202406/4240627-freed.pdf",""
"34","4422","ホンダ","フリード","3代目 (2024-)","CROSSTAR","2WD","CVT","照合項目一致","全長mm=4310 / 全幅mm=1720 / 全高mm=1755","","https://www.honda.co.jp/factbook/auto/FREED/202406/4240627-freed.pdf",""
"35","4423","ホンダ","フリード","3代目 (2024-)","CROSSTAR","4WD","CVT","照合項目一致","全長mm=4310 / 全幅mm=1720 / 全高mm=1780","","https://www.honda.co.jp/factbook/auto/FREED/202406/4240627-freed.pdf",""
"36","4424","ホンダ","フリード","3代目 (2024-)","e:HEV AIR","2WD","CVT","照合項目一致","全長mm=4310 / 全幅mm=1695 / 全高mm=1755","","https://www.honda.co.jp/factbook/auto/FREED/202406/4240627-freed.pdf",""
"37","4425","ホンダ","フリード","3代目 (2024-)","e:HEV AIR","4WD","CVT","照合項目一致","全長mm=4310 / 全幅mm=1695 / 全高mm=1780","","https://www.honda.co.jp/factbook/auto/FREED/202406/4240627-freed.pdf",""
"38","4426","ホンダ","フリード","3代目 (2024-)","e:HEV AIR EX","2WD","CVT","照合項目一致","全長mm=4310 / 全幅mm=1695 / 全高mm=1755","","https://www.honda.co.jp/factbook/auto/FREED/202406/4240627-freed.pdf",""
"39","4427","ホンダ","フリード","3代目 (2024-)","e:HEV AIR EX","4WD","CVT","照合項目一致","全長mm=4310 / 全幅mm=1695 / 全高mm=1780","","https://www.honda.co.jp/factbook/auto/FREED/202406/4240627-freed.pdf",""
"40","4428","ホンダ","フリード","3代目 (2024-)","e:HEV CROSSTAR","2WD","CVT","照合項目一致","全長mm=4310 / 全幅mm=1720 / 全高mm=1755","","https://www.honda.co.jp/factbook/auto/FREED/202406/4240627-freed.pdf",""
"41","4429","ホンダ","フリード","3代目 (2024-)","e:HEV CROSSTAR","4WD","CVT","照合項目一致","全長mm=4310 / 全幅mm=1720 / 全高mm=1780","","https://www.honda.co.jp/factbook/auto/FREED/202406/4240627-freed.pdf",""
"42","4424","ホンダ","フリード","3代目 (2024-)","e:HEV AIR","2WD","CVT","誤り確認","車両重量kg=1460","車両重量kg: 1410 -> 1460","https://www.honda.co.jp/factbook/auto/FREED/202406/4240627-freed.pdf","e:HEV AIR FF 6人乗り、2024年6月発売時。"
"43","4425","ホンダ","フリード","3代目 (2024-)","e:HEV AIR","4WD","CVT","誤り確認","車両重量kg=1550","車両重量kg: 1490 -> 1550","https://www.honda.co.jp/factbook/auto/FREED/202406/4240627-freed.pdf","e:HEV AIR 4WD 6人乗り、2024年6月発売時。"
"44","4426","ホンダ","フリード","3代目 (2024-)","e:HEV AIR EX","2WD","CVT","誤り確認","車両重量kg=1480","車両重量kg: 1420 -> 1480","https://www.honda.co.jp/factbook/auto/FREED/202406/4240627-freed.pdf","e:HEV AIR EX FF、6/7人とも1480kg。"
"45","4427","ホンダ","フリード","3代目 (2024-)","e:HEV AIR EX","4WD","CVT","誤り確認","車両重量kg=1560","車両重量kg: 1500 -> 1560","https://www.honda.co.jp/factbook/auto/FREED/202406/4240627-freed.pdf","e:HEV AIR EX 4WD 6人乗り。"
"46","4430","ホンダ","フリード","2代目 GB5/6/7/8 (2016-2024)","G (7人)","2WD","CVT","照合項目一致","全長mm=4265 / 全幅mm=1695 / 全高mm=1710","","https://www.honda.co.jp/auto-archive/freed/2024/common/pdf/freed_spec_list.pdf",""
"47","4431","ホンダ","フリード","2代目 GB5/6/7/8 (2016-2024)","G (6人)","2WD","CVT","照合項目一致","全長mm=4265 / 全幅mm=1695 / 全高mm=1710","","https://www.honda.co.jp/auto-archive/freed/2024/common/pdf/freed_spec_list.pdf",""
"48","4432","ホンダ","フリード","2代目 GB5/6/7/8 (2016-2024)","G (6人)","4WD","CVT","照合項目一致","全長mm=4265 / 全幅mm=1695 / 全高mm=1735","","https://www.honda.co.jp/auto-archive/freed/2024/common/pdf/freed_spec_list.pdf",""
"49","4433","ホンダ","フリード","2代目 GB5/6/7/8 (2016-2024)","CROSSTAR (6人)","2WD","CVT","照合項目一致","全長mm=4265 / 全幅mm=1695 / 全高mm=1710","","https://www.honda.co.jp/auto-archive/freed/2024/common/pdf/freed_spec_list.pdf",""
"50","4434","ホンダ","フリード","2代目 GB5/6/7/8 (2016-2024)","CROSSTAR (6人)","4WD","CVT","照合項目一致","全長mm=4265 / 全幅mm=1695 / 全高mm=1735","","https://www.honda.co.jp/auto-archive/freed/2024/common/pdf/freed_spec_list.pdf",""
"51","4435","ホンダ","フリード","2代目 GB5/6/7/8 (2016-2024)","HYBRID G (7人)","2WD","7DCT","照合項目一致","全長mm=4265 / 全幅mm=1695 / 全高mm=1710","","https://www.honda.co.jp/auto-archive/freed/2024/common/pdf/freed_spec_list.pdf",""
"52","4436","ホンダ","フリード","2代目 GB5/6/7/8 (2016-2024)","HYBRID G (6人)","2WD","7DCT","照合項目一致","全長mm=4265 / 全幅mm=1695 / 全高mm=1710","","https://www.honda.co.jp/auto-archive/freed/2024/common/pdf/freed_spec_list.pdf",""
"53","4437","ホンダ","フリード","2代目 GB5/6/7/8 (2016-2024)","HYBRID G (6人)","4WD","7DCT","照合項目一致","全長mm=4265 / 全幅mm=1695 / 全高mm=1735","","https://www.honda.co.jp/auto-archive/freed/2024/common/pdf/freed_spec_list.pdf",""
"54","4438","ホンダ","フリード","2代目 GB5/6/7/8 (2016-2024)","HYBRID CROSSTAR (6人)","2WD","7DCT","照合項目一致","全長mm=4265 / 全幅mm=1695 / 全高mm=1710","","https://www.honda.co.jp/auto-archive/freed/2024/common/pdf/freed_spec_list.pdf",""
"55","4439","ホンダ","フリード","2代目 GB5/6/7/8 (2016-2024)","HYBRID CROSSTAR (6人)","4WD","7DCT","照合項目一致","全長mm=4265 / 全幅mm=1695 / 全高mm=1735","","https://www.honda.co.jp/auto-archive/freed/2024/common/pdf/freed_spec_list.pdf",""
"56","4440","日産","セレナ","C28型 (2022-)","X","2WD","CVT","照合項目一致","全長mm=4690 / 全幅mm=1695 / 全高mm=1870","","https://history.nissan.co.jp/ARCHIVES/PDF/SERENA/C28/20221128/serena_specsheet.pdf",""
"57","4441","日産","セレナ","C28型 (2022-)","X","4WD","CVT","誤り確認","全長mm=4690 / 全幅mm=1695 / 全高mm=1895","全高mm: 1870 -> 1895","https://history.nissan.co.jp/ARCHIVES/PDF/SERENA/C28/20221128/serena_specsheet.pdf",""
"58","4442","日産","セレナ","C28型 (2022-)","XV","2WD","CVT","照合項目一致","全長mm=4690 / 全幅mm=1695 / 全高mm=1870","","https://history.nissan.co.jp/ARCHIVES/PDF/SERENA/C28/20221128/serena_specsheet.pdf",""
"59","4443","日産","セレナ","C28型 (2022-)","XV","4WD","CVT","誤り確認","全長mm=4690 / 全幅mm=1695 / 全高mm=1895","全高mm: 1870 -> 1895","https://history.nissan.co.jp/ARCHIVES/PDF/SERENA/C28/20221128/serena_specsheet.pdf",""
"60","4444","日産","セレナ","C28型 (2022-)","ハイウェイスターV","2WD","CVT","照合項目一致","全長mm=4765 / 全幅mm=1715 / 全高mm=1870","","https://history.nissan.co.jp/ARCHIVES/PDF/SERENA/C28/20221128/serena_specsheet.pdf",""
"61","4445","日産","セレナ","C28型 (2022-)","ハイウェイスターV","4WD","CVT","誤り確認","全長mm=4765 / 全幅mm=1715 / 全高mm=1895","全高mm: 1870 -> 1895","https://history.nissan.co.jp/ARCHIVES/PDF/SERENA/C28/20221128/serena_specsheet.pdf",""
"62","4446","日産","セレナ","C28型 (2022-)","e-POWER X","2WD","e-POWER","照合項目一致","全長mm=4690 / 全幅mm=1695 / 全高mm=1870","","https://history.nissan.co.jp/ARCHIVES/PDF/SERENA/C28/20221128/serena_specsheet.pdf",""
"63","4447","日産","セレナ","C28型 (2022-)","e-POWER XV","2WD","e-POWER","照合項目一致","全長mm=4690 / 全幅mm=1695 / 全高mm=1870","","https://history.nissan.co.jp/ARCHIVES/PDF/SERENA/C28/20221128/serena_specsheet.pdf",""
"64","4448","日産","セレナ","C28型 (2022-)","e-POWER ハイウェイスターV","2WD","e-POWER","照合項目一致","全長mm=4765 / 全幅mm=1715 / 全高mm=1870","","https://history.nissan.co.jp/ARCHIVES/PDF/SERENA/C28/20221128/serena_specsheet.pdf",""
"65","4449","日産","セレナ","C28型 (2022-)","e-POWER LUXION","2WD","e-POWER","照合項目一致","全長mm=4765 / 全幅mm=1715 / 全高mm=1885","","https://history.nissan.co.jp/ARCHIVES/PDF/SERENA/C28/20221128/serena_specsheet.pdf",""
"66","4440","日産","セレナ","C28型 (2022-)","X","2WD","CVT","照合項目一致","車両重量kg=1670","","https://history.nissan.co.jp/ARCHIVES/PDF/SERENA/C28/20221128/serena_specsheet.pdf","C28発売期公式表、標準車両重量。"
"67","4441","日産","セレナ","C28型 (2022-)","X","4WD","CVT","誤り確認","車両重量kg=1780","車両重量kg: 1740 -> 1780","https://history.nissan.co.jp/ARCHIVES/PDF/SERENA/C28/20221128/serena_specsheet.pdf","C28発売期公式表、標準車両重量。"
"68","4442","日産","セレナ","C28型 (2022-)","XV","2WD","CVT","照合項目一致","車両重量kg=1680","","https://history.nissan.co.jp/ARCHIVES/PDF/SERENA/C28/20221128/serena_specsheet.pdf","C28発売期公式表、標準車両重量。"
"69","4443","日産","セレナ","C28型 (2022-)","XV","4WD","CVT","誤り確認","車両重量kg=1790","車両重量kg: 1750 -> 1790","https://history.nissan.co.jp/ARCHIVES/PDF/SERENA/C28/20221128/serena_specsheet.pdf","C28発売期公式表、標準車両重量。"
"70","4444","日産","セレナ","C28型 (2022-)","ハイウェイスターV","2WD","CVT","照合項目一致","車両重量kg=1690","","https://history.nissan.co.jp/ARCHIVES/PDF/SERENA/C28/20221128/serena_specsheet.pdf","C28発売期公式表、標準車両重量。"
"71","4445","日産","セレナ","C28型 (2022-)","ハイウェイスターV","4WD","CVT","誤り確認","車両重量kg=1790","車両重量kg: 1760 -> 1790","https://history.nissan.co.jp/ARCHIVES/PDF/SERENA/C28/20221128/serena_specsheet.pdf","C28発売期公式表、標準車両重量。"
"72","4446","日産","セレナ","C28型 (2022-)","e-POWER X","2WD","e-POWER","誤り確認","車両重量kg=1790","車両重量kg: 1760 -> 1790","https://history.nissan.co.jp/ARCHIVES/PDF/SERENA/C28/20221128/serena_specsheet.pdf","C28発売期公式表、標準車両重量。"
"73","4447","日産","セレナ","C28型 (2022-)","e-POWER XV","2WD","e-POWER","誤り確認","車両重量kg=1810","車両重量kg: 1770 -> 1810","https://history.nissan.co.jp/ARCHIVES/PDF/SERENA/C28/20221128/serena_specsheet.pdf","C28発売期公式表、標準車両重量。"
"74","4448","日産","セレナ","C28型 (2022-)","e-POWER ハイウェイスターV","2WD","e-POWER","誤り確認","車両重量kg=1810","車両重量kg: 1790 -> 1810","https://history.nissan.co.jp/ARCHIVES/PDF/SERENA/C28/20221128/serena_specsheet.pdf","C28発売期公式表、標準車両重量。"
"75","4449","日産","セレナ","C28型 (2022-)","e-POWER LUXION","2WD","e-POWER","誤り確認","車両重量kg=1850","車両重量kg: 1810 -> 1850","https://history.nissan.co.jp/ARCHIVES/PDF/SERENA/C28/20221128/serena_specsheet.pdf","C28発売期公式表、標準車両重量。"
"76","4458","マツダ","CX-5","2代目 (2017-)","20S","2WD","6AT","照合項目一致","全長mm=4545 / 全幅mm=1840 / 全高mm=1690","","https://newsroom.mazda.com/ja/publicity/release/2018/201802/180208aa.pdf","2018年前期の寸法と一致。2025年版は4575×1845×1690。全行の重量・グレード設定が同じ年式とは限らない。"
"77","4459","マツダ","CX-5","2代目 (2017-)","20S","4WD","6AT","照合項目一致","全長mm=4545 / 全幅mm=1840 / 全高mm=1690","","https://newsroom.mazda.com/ja/publicity/release/2018/201802/180208aa.pdf","2018年前期の寸法と一致。2025年版は4575×1845×1690。全行の重量・グレード設定が同じ年式とは限らない。"
"78","4460","マツダ","CX-5","2代目 (2017-)","25S L Package","2WD","6AT","照合項目一致","全長mm=4545 / 全幅mm=1840 / 全高mm=1690","","https://newsroom.mazda.com/ja/publicity/release/2018/201802/180208aa.pdf","2018年前期の寸法と一致。2025年版は4575×1845×1690。全行の重量・グレード設定が同じ年式とは限らない。"
"79","4461","マツダ","CX-5","2代目 (2017-)","25S L Package","4WD","6AT","照合項目一致","全長mm=4545 / 全幅mm=1840 / 全高mm=1690","","https://newsroom.mazda.com/ja/publicity/release/2018/201802/180208aa.pdf","2018年前期の寸法と一致。2025年版は4575×1845×1690。全行の重量・グレード設定が同じ年式とは限らない。"
"80","4462","マツダ","CX-5","2代目 (2017-)","XD","2WD","6AT","照合項目一致","全長mm=4545 / 全幅mm=1840 / 全高mm=1690","","https://newsroom.mazda.com/ja/publicity/release/2018/201802/180208aa.pdf","2018年前期の寸法と一致。2025年版は4575×1845×1690。全行の重量・グレード設定が同じ年式とは限らない。"
"81","4463","マツダ","CX-5","2代目 (2017-)","XD L Package","2WD","6AT","照合項目一致","全長mm=4545 / 全幅mm=1840 / 全高mm=1690","","https://newsroom.mazda.com/ja/publicity/release/2018/201802/180208aa.pdf","2018年前期の寸法と一致。2025年版は4575×1845×1690。全行の重量・グレード設定が同じ年式とは限らない。"
"82","4464","マツダ","CX-5","2代目 (2017-)","XD L Package","4WD","6AT","照合項目一致","全長mm=4545 / 全幅mm=1840 / 全高mm=1690","","https://newsroom.mazda.com/ja/publicity/release/2018/201802/180208aa.pdf","2018年前期の寸法と一致。2025年版は4575×1845×1690。全行の重量・グレード設定が同じ年式とは限らない。"
"83","4465","マツダ","CX-5","2代目 (2017-)","XD Exclusive Mode","4WD","6AT","照合項目一致","全長mm=4545 / 全幅mm=1840 / 全高mm=1690","","https://newsroom.mazda.com/ja/publicity/release/2018/201802/180208aa.pdf","2018年前期の寸法と一致。2025年版は4575×1845×1690。全行の重量・グレード設定が同じ年式とは限らない。"
"84","4493","レクサス","NX","2代目 (2021-)","NX250","2WD","8AT","照合項目一致","全長mm=4660 / 全幅mm=1865 / 全高mm=1660","","https://cpo.lexus.jp/resource/pdf/nx_202110.pdf",""
"85","4494","レクサス","NX","2代目 (2021-)","NX250","AWD","8AT","照合項目一致","全長mm=4660 / 全幅mm=1865 / 全高mm=1660","","https://cpo.lexus.jp/resource/pdf/nx_202110.pdf",""
"86","4495","レクサス","NX","2代目 (2021-)","NX350h","2WD","CVT","照合項目一致","全長mm=4660 / 全幅mm=1865 / 全高mm=1660","","https://cpo.lexus.jp/resource/pdf/nx_202110.pdf",""
"87","4496","レクサス","NX","2代目 (2021-)","NX350h","AWD","CVT","照合項目一致","全長mm=4660 / 全幅mm=1865 / 全高mm=1660","","https://cpo.lexus.jp/resource/pdf/nx_202110.pdf",""
"88","4497","レクサス","NX","2代目 (2021-)","NX350","AWD","8AT","照合項目一致","全長mm=4660 / 全幅mm=1865 / 全高mm=1660","","https://cpo.lexus.jp/resource/pdf/nx_202110.pdf",""
"89","4498","レクサス","NX","2代目 (2021-)","NX450h+ PHEV","AWD","CVT","照合項目一致","全長mm=4660 / 全幅mm=1865 / 全高mm=1660","","https://cpo.lexus.jp/resource/pdf/nx_202110.pdf",""
"90","4493","レクサス","NX","2代目 (2021-)","NX250","2WD","8AT","照合項目一致","車両重量kg=1620","","https://cpo.lexus.jp/resource/pdf/nx_202110.pdf","2021年10月標準装備、NX350はF SPORT。NX350は18インチ選択時1760kgでも登録1740kgとは一致しない。"
"91","4494","レクサス","NX","2代目 (2021-)","NX250","AWD","8AT","照合項目一致","車両重量kg=1680","","https://cpo.lexus.jp/resource/pdf/nx_202110.pdf","2021年10月標準装備、NX350はF SPORT。NX350は18インチ選択時1760kgでも登録1740kgとは一致しない。"
"92","4495","レクサス","NX","2代目 (2021-)","NX350h","2WD","CVT","誤り確認","車両重量kg=1730","車両重量kg: 1720 -> 1730","https://cpo.lexus.jp/resource/pdf/nx_202110.pdf","2021年10月標準装備、NX350はF SPORT。NX350は18インチ選択時1760kgでも登録1740kgとは一致しない。"
"93","4496","レクサス","NX","2代目 (2021-)","NX350h","AWD","CVT","照合項目一致","車両重量kg=1790","","https://cpo.lexus.jp/resource/pdf/nx_202110.pdf","2021年10月標準装備、NX350はF SPORT。NX350は18インチ選択時1760kgでも登録1740kgとは一致しない。"
"94","4497","レクサス","NX","2代目 (2021-)","NX350","AWD","8AT","誤り確認","車両重量kg=1780","車両重量kg: 1740 -> 1780","https://cpo.lexus.jp/resource/pdf/nx_202110.pdf","2021年10月標準装備、NX350はF SPORT。NX350は18インチ選択時1760kgでも登録1740kgとは一致しない。"
"95","4502","BMW","X3","G45 (2024-)","xDrive20d","AWD","8AT","誤り確認","全長mm=4755 / 全幅mm=1920 / 全高mm=1660 / 車両重量kg=1930","車両重量kg: 1965 -> 1930","https://www.bmw.co.jp/content/dam/bmw/marketJP/bmw_co_jp/pdf/all-models/X/X3/X3_EPL_202504V1.pdf","日本仕様20d xDrive M Sportの標準1930kg（サンルーフ1950kg）。DBは旧称xDrive20d。グレード名も整理が必要。"
"96","4503","BMW","X3","G45 (2024-)","xDrive30e PHEV","AWD","8AT","照合項目一致","全長mm=4755 / 全幅mm=1920 / 全高mm=1660","","https://www.bmw.co.jp/content/dam/bmw/marketJP/bmw_co_jp/pdf/all-models/X/X3/X3_EPL_202504V1.pdf","寸法のみ照合。30eの日本仕様・導入年は別途確認が必要。"
"97","4564","ホンダ","CR-V","6代目 (2024-)","e:HEV RS","2WD","CVT","照合項目一致","全長mm=4700 / 全幅mm=1865 / 全高mm=1680 / 車両重量kg=1750","","https://www.honda.co.jp/CR-V/common/pdf/cr-v_spec_list.pdf?from=car_footer","数値は2026年2月の国内e:HEV RSと一致。登録世代名の2024年は国内e:HEVの販売時期と一致しない。"
"98","4565","ホンダ","CR-V","6代目 (2024-)","e:HEV RS","4WD","CVT","照合項目一致","全長mm=4700 / 全幅mm=1865 / 全高mm=1690 / 車両重量kg=1800","","https://www.honda.co.jp/CR-V/common/pdf/cr-v_spec_list.pdf?from=car_footer","数値は2026年2月の国内e:HEV RSと一致。登録世代名の2024年は国内e:HEVの販売時期と一致しない。"
"99","4576","ホンダ","オデッセイ","5代目 RC系 (2023-)","e:HEV ABSOLUTE","2WD","CVT","照合項目一致","全長mm=4860 / 全幅mm=1820 / 全高mm=1695 / 車両重量kg=1920","","https://www.honda.co.jp/ODYSSEY/common/pdf/odyssey_spec_list.pdf",""
"100","4577","ホンダ","オデッセイ","5代目 RC系 (2023-)","e:HEV ABSOLUTE EX","2WD","CVT","照合項目一致","全長mm=4860 / 全幅mm=1820 / 全高mm=1695 / 車両重量kg=1950","","https://www.honda.co.jp/ODYSSEY/common/pdf/odyssey_spec_list.pdf",""
"101","4870","ダイハツ","ムーヴ","新型 (2025-)","X","2WD","CVT","照合項目一致","全長mm=3395 / 全幅mm=1475 / 全高mm=1655 / 車両重量kg=860","","https://www.daihatsu.co.jp/lineup/move/pdf/specifications.pdf","公式PDFを画像表示して確認。4WD全高は1670mm。"
"102","4871","ダイハツ","ムーヴ","新型 (2025-)","X","4WD","CVT","誤り確認","全長mm=3395 / 全幅mm=1475 / 全高mm=1670 / 車両重量kg=910","全高mm: 1655 -> 1670","https://www.daihatsu.co.jp/lineup/move/pdf/specifications.pdf","公式PDFを画像表示して確認。4WD全高は1670mm。"
"103","5026","スバル","インプレッサ","GU系 (2023-)","ST FF","2WD","CVT","照合項目一致","全長mm=4475 / 全幅mm=1780 / 全高mm=1450 / 車両重量kg=1380","","https://www.subaru.co.jp/pdf/news/2023_0420_1_2023-04-19-132902.pdf","STの1450mmは発表資料と一致するがアンテナを倒した条件付き。アンテナ仕様・年次改良を明示する必要あり。"
"104","5027","スバル","インプレッサ","GU系 (2023-)","ST AWD","4WD","CVT","照合項目一致","全長mm=4475 / 全幅mm=1780 / 全高mm=1450 / 車両重量kg=1420","","https://www.subaru.co.jp/pdf/news/2023_0420_1_2023-04-19-132902.pdf","STの1450mmは発表資料と一致するがアンテナを倒した条件付き。アンテナ仕様・年次改良を明示する必要あり。"
"105","5028","スバル","インプレッサ","GU系 (2023-)","ST-G e-BOXER AWD","4WD","CVT","照合項目一致","全長mm=4475 / 全幅mm=1780 / 全高mm=1515 / 車両重量kg=1570","","https://www.subaru.co.jp/pdf/news/2023_0420_1_2023-04-19-132902.pdf","STの1450mmは発表資料と一致するがアンテナを倒した条件付き。アンテナ仕様・年次改良を明示する必要あり。"
"106","5029","スバル","インプレッサ","GU系 (2023-)","ST-H e-BOXER FF","2WD","CVT","照合項目一致","全長mm=4475 / 全幅mm=1780 / 全高mm=1515 / 車両重量kg=1540","","https://www.subaru.co.jp/pdf/news/2023_0420_1_2023-04-19-132902.pdf","STの1450mmは発表資料と一致するがアンテナを倒した条件付き。アンテナ仕様・年次改良を明示する必要あり。"
"107","4620","スズキ","ジムニーシエラ","JB74W (2018-)","JC","4WD","4AT","照合項目一致","全長mm=3550 / 全幅mm=1645 / 全高mm=1730 / 車両重量kg=1090","","https://www.suzuki.co.jp/suzuki_digital_library/pdf/1_auto/jimnysmall/195.pdf","2018年発売時、アンテナ折り畳み状態。現年式の重量とは区別。"
"108","4621","スズキ","ジムニーシエラ","JB74W (2018-)","JC","4WD","5MT","照合項目一致","全長mm=3550 / 全幅mm=1645 / 全高mm=1730 / 車両重量kg=1070","","https://www.suzuki.co.jp/suzuki_digital_library/pdf/1_auto/jimnysmall/195.pdf","2018年発売時、アンテナ折り畳み状態。現年式の重量とは区別。"
"109","4528","トヨタ","ヴェルファイア","40系 (2023-)","Z Premier 2.4L ターボ","2WD","8AT","照合項目一致","全長mm=4995 / 全幅mm=1850 / 全高mm=1945 / 車両重量kg=2180","","https://toyota.jp/pages/contents/carlineup/archive/vellfire/2023-06/pdf/vellfire_main_s_202306_202411.pdf","2023年標準19インチ。17インチ仕様は全高1935mm、装備により重量差あり。"
"110","4529","トヨタ","ヴェルファイア","40系 (2023-)","Z Premier 2.4L ターボ","4WD","8AT","照合項目一致","全長mm=4995 / 全幅mm=1850 / 全高mm=1945 / 車両重量kg=2240","","https://toyota.jp/pages/contents/carlineup/archive/vellfire/2023-06/pdf/vellfire_main_s_202306_202411.pdf","2023年標準19インチ。17インチ仕様は全高1935mm、装備により重量差あり。"
"111","4530","トヨタ","ヴェルファイア","40系 (2023-)","Executive Lounge 2.5L HV","2WD","CVT","照合項目一致","全長mm=4995 / 全幅mm=1850 / 全高mm=1945 / 車両重量kg=2250","","https://toyota.jp/pages/contents/carlineup/archive/vellfire/2023-06/pdf/vellfire_main_s_202306_202411.pdf","2023年標準19インチ。17インチ仕様は全高1935mm、装備により重量差あり。"
"112","4531","トヨタ","ヴェルファイア","40系 (2023-)","Executive Lounge 2.5L HV","4WD","CVT","照合項目一致","全長mm=4995 / 全幅mm=1850 / 全高mm=1945 / 車両重量kg=2310","","https://toyota.jp/pages/contents/carlineup/archive/vellfire/2023-06/pdf/vellfire_main_s_202306_202411.pdf","2023年標準19インチ。17インチ仕様は全高1935mm、装備により重量差あり。"
"113","4364","トヨタ","ヤリス","初代 (2020-)","X 1.0L","2WD","CVT","照合項目一致","全長mm=3940 / 全幅mm=1695 / 全高mm=1500","","https://toyota.jp/pages/contents/yaris/001_p_001/pdf/spec/yaris_spec_201912.pdf","2020年発売時。4WD/E-Fourの高さを区別。GR SPORTは国内グレードの特定が別途必要。"
"114","4365","トヨタ","ヤリス","初代 (2020-)","G 1.5L","2WD","CVT","照合項目一致","全長mm=3940 / 全幅mm=1695 / 全高mm=1500","","https://toyota.jp/pages/contents/yaris/001_p_001/pdf/spec/yaris_spec_201912.pdf","2020年発売時。4WD/E-Fourの高さを区別。GR SPORTは国内グレードの特定が別途必要。"
"115","4366","トヨタ","ヤリス","初代 (2020-)","G 1.5L","4WD","CVT","誤り確認","全長mm=3940 / 全幅mm=1695 / 全高mm=1515","全高mm: 1500 -> 1515","https://toyota.jp/pages/contents/yaris/001_p_001/pdf/spec/yaris_spec_201912.pdf","2020年発売時。4WD/E-Fourの高さを区別。GR SPORTは国内グレードの特定が別途必要。"
"116","4367","トヨタ","ヤリス","初代 (2020-)","Z 1.5L","2WD","CVT","照合項目一致","全長mm=3940 / 全幅mm=1695 / 全高mm=1500","","https://toyota.jp/pages/contents/yaris/001_p_001/pdf/spec/yaris_spec_201912.pdf","2020年発売時。4WD/E-Fourの高さを区別。GR SPORTは国内グレードの特定が別途必要。"
"117","4368","トヨタ","ヤリス","初代 (2020-)","Z HV","2WD","CVT","照合項目一致","全長mm=3940 / 全幅mm=1695 / 全高mm=1500","","https://toyota.jp/pages/contents/yaris/001_p_001/pdf/spec/yaris_spec_201912.pdf","2020年発売時。4WD/E-Fourの高さを区別。GR SPORTは国内グレードの特定が別途必要。"
"118","4369","トヨタ","ヤリス","初代 (2020-)","Z HV","4WD","CVT","誤り確認","全長mm=3940 / 全幅mm=1695 / 全高mm=1515","全高mm: 1500 -> 1515","https://toyota.jp/pages/contents/yaris/001_p_001/pdf/spec/yaris_spec_201912.pdf","2020年発売時。4WD/E-Fourの高さを区別。GR SPORTは国内グレードの特定が別途必要。"
"119","4347","トヨタ","ハリアー","80系 (2020-)","S 2.0L","2WD","CVT","照合項目一致","全長mm=4740 / 全幅mm=1855 / 全高mm=1660","","https://toyota.jp/pages/contents/harrier/004_p_001/pdf/harrier_spec_202310.pdf","Web取得内容で寸法照合。PDF直接ダウンロードは404のため保存なし。重量は未照合。"
"120","4348","トヨタ","ハリアー","80系 (2020-)","G 2.0L","2WD","CVT","照合項目一致","全長mm=4740 / 全幅mm=1855 / 全高mm=1660","","https://toyota.jp/pages/contents/harrier/004_p_001/pdf/harrier_spec_202310.pdf","Web取得内容で寸法照合。PDF直接ダウンロードは404のため保存なし。重量は未照合。"
"121","4349","トヨタ","ハリアー","80系 (2020-)","G 2.0L","4WD","CVT","照合項目一致","全長mm=4740 / 全幅mm=1855 / 全高mm=1660","","https://toyota.jp/pages/contents/harrier/004_p_001/pdf/harrier_spec_202310.pdf","Web取得内容で寸法照合。PDF直接ダウンロードは404のため保存なし。重量は未照合。"
"122","4350","トヨタ","ハリアー","80系 (2020-)","Z 2.0L","2WD","CVT","照合項目一致","全長mm=4740 / 全幅mm=1855 / 全高mm=1660","","https://toyota.jp/pages/contents/harrier/004_p_001/pdf/harrier_spec_202310.pdf","Web取得内容で寸法照合。PDF直接ダウンロードは404のため保存なし。重量は未照合。"
"123","4351","トヨタ","ハリアー","80系 (2020-)","Z Leather Package 2.0L","4WD","CVT","照合項目一致","全長mm=4740 / 全幅mm=1855 / 全高mm=1660","","https://toyota.jp/pages/contents/harrier/004_p_001/pdf/harrier_spec_202310.pdf","Web取得内容で寸法照合。PDF直接ダウンロードは404のため保存なし。重量は未照合。"
"124","4352","トヨタ","ハリアー","80系 (2020-)","G HV","2WD","CVT","照合項目一致","全長mm=4740 / 全幅mm=1855 / 全高mm=1660","","https://toyota.jp/pages/contents/harrier/004_p_001/pdf/harrier_spec_202310.pdf","Web取得内容で寸法照合。PDF直接ダウンロードは404のため保存なし。重量は未照合。"
"125","4353","トヨタ","ハリアー","80系 (2020-)","G HV","4WD","CVT","照合項目一致","全長mm=4740 / 全幅mm=1855 / 全高mm=1660","","https://toyota.jp/pages/contents/harrier/004_p_001/pdf/harrier_spec_202310.pdf","Web取得内容で寸法照合。PDF直接ダウンロードは404のため保存なし。重量は未照合。"
"126","4354","トヨタ","ハリアー","80系 (2020-)","Z HV","2WD","CVT","照合項目一致","全長mm=4740 / 全幅mm=1855 / 全高mm=1660","","https://toyota.jp/pages/contents/harrier/004_p_001/pdf/harrier_spec_202310.pdf","Web取得内容で寸法照合。PDF直接ダウンロードは404のため保存なし。重量は未照合。"
"127","4355","トヨタ","ハリアー","80系 (2020-)","Z PHEV","4WD","CVT","照合項目一致","全長mm=4740 / 全幅mm=1855 / 全高mm=1660","","https://toyota.jp/pages/contents/harrier/004_p_001/pdf/harrier_spec_202310.pdf","Web取得内容で寸法照合。PDF直接ダウンロードは404のため保存なし。重量は未照合。"
"128","4373","トヨタ","ヤリスクロス","初代 (2020-)","G 1.5L ガソリン","4WD","CVT","誤り確認","全長mm=4180 / 全幅mm=1765 / 全高mm=1590 / 車両重量kg=1210","車両重量kg: 1180 -> 1210","https://toyota.jp/ucar/catalog/brand-TOYOTA/car-YARIS_CROSS/202008/10130869/","2020年ガソリンG 4WD、登録1180kgとの差。"
"129","4381","トヨタ","ヤリスクロス","初代 (2020-)","Z HV E-Four","4WD","CVT","誤り確認","全長mm=4180 / 全幅mm=1765 / 全高mm=1590 / 車両重量kg=1270","車両重量kg: 1260 -> 1270","https://toyota.jp/ucar/catalog/brand-TOYOTA/car-YARIS_CROSS/202008/10130861/","2020年HYBRID Z E-Four、登録1260kgとの差。"
"130","4570","ホンダ","ステップワゴン","6代目 RP6/RP7/RP8 (2022-)","AIR 1.5T","2WD","CVT","照合項目一致","全長mm=4800 / 全幅mm=1750 / 全高mm=1840 / 車両重量kg=1710","","https://www.honda.co.jp/factbook/auto/STEPWGN/220526/P34.pdf","2022年発売時7人乗り標準仕様。現行AIR EXとは異なる。"
"131","4571","ホンダ","ステップワゴン","6代目 RP6/RP7/RP8 (2022-)","AIR 1.5T","4WD","CVT","照合項目一致","全長mm=4800 / 全幅mm=1750 / 全高mm=1855 / 車両重量kg=1790","","https://www.honda.co.jp/factbook/auto/STEPWGN/220526/P34.pdf","2022年発売時7人乗り標準仕様。現行AIR EXとは異なる。"
"132","4572","ホンダ","ステップワゴン","6代目 RP6/RP7/RP8 (2022-)","e:HEV AIR","2WD","CVT","照合項目一致","全長mm=4800 / 全幅mm=1750 / 全高mm=1840 / 車両重量kg=1810","","https://www.honda.co.jp/factbook/auto/STEPWGN/220526/P34.pdf","2022年発売時7人乗り標準仕様。現行AIR EXとは異なる。"
"133","4573","ホンダ","ステップワゴン","6代目 RP6/RP7/RP8 (2022-)","SPADA 1.5T","2WD","CVT","照合項目一致","全長mm=4830 / 全幅mm=1750 / 全高mm=1840 / 車両重量kg=1740","","https://www.honda.co.jp/factbook/auto/STEPWGN/220526/P34.pdf","2022年発売時7人乗り標準仕様。現行AIR EXとは異なる。"
"134","4574","ホンダ","ステップワゴン","6代目 RP6/RP7/RP8 (2022-)","e:HEV SPADA","2WD","CVT","照合項目一致","全長mm=4830 / 全幅mm=1750 / 全高mm=1840 / 車両重量kg=1840","","https://www.honda.co.jp/factbook/auto/STEPWGN/220526/P34.pdf","2022年発売時7人乗り標準仕様。現行AIR EXとは異なる。"
"135","4575","ホンダ","ステップワゴン","6代目 RP6/RP7/RP8 (2022-)","SPADA PREMIUM LINE","2WD","CVT","照合項目一致","全長mm=4830 / 全幅mm=1750 / 全高mm=1845 / 車両重量kg=1740","","https://www.honda.co.jp/factbook/auto/STEPWGN/220526/P34.pdf","2022年発売時7人乗り標準仕様。現行AIR EXとは異なる。"
"136","4578","ホンダ","ヴェゼル","2代目 (2021-)","G 1.5L","2WD","CVT","照合項目一致","全長mm=4330 / 全幅mm=1790 / 全高mm=1580 / 車両重量kg=1250","","https://www.honda.co.jp/auto-archive/vezel/2024/common/pdf/vezel_spec_list.pdf","2024年4月改良前の仕様。現行型一括表示の改善対象。"
"137","4579","ホンダ","ヴェゼル","2代目 (2021-)","e:HEV X","2WD","CVT","照合項目一致","全長mm=4330 / 全幅mm=1790 / 全高mm=1580 / 車両重量kg=1350","","https://www.honda.co.jp/auto-archive/vezel/2024/common/pdf/vezel_spec_list.pdf","2024年4月改良前の仕様。現行型一括表示の改善対象。"
"138","4580","ホンダ","ヴェゼル","2代目 (2021-)","e:HEV Z","2WD","CVT","照合項目一致","全長mm=4330 / 全幅mm=1790 / 全高mm=1590 / 車両重量kg=1380","","https://www.honda.co.jp/auto-archive/vezel/2024/common/pdf/vezel_spec_list.pdf","2024年4月改良前の仕様。現行型一括表示の改善対象。"
"139","4581","ホンダ","ヴェゼル","2代目 (2021-)","e:HEV Z","4WD","CVT","照合項目一致","全長mm=4330 / 全幅mm=1790 / 全高mm=1590 / 車両重量kg=1450","","https://www.honda.co.jp/auto-archive/vezel/2024/common/pdf/vezel_spec_list.pdf","2024年4月改良前の仕様。現行型一括表示の改善対象。"
"140","4849","スバル","レヴォーグ レイバック","初代 (2023-)","Limited EX 1.8L","AWD","CVT","照合項目一致","全長mm=4770 / 全幅mm=1820 / 全高mm=1570 / 車両重量kg=1600","","https://www.subaru.co.jp/news/2023_10_25_154428/","標準仕様、サンルーフは+10kg。"
"141","4473","スバル","フォレスター","6代目 (2024-)","Touring","AWD","CVT","世代・グレード不整合","","","https://www.subaru.co.jp/news/2025_04_17_164724/","6代目の日本発売は2025年4月。グレードはSPORT/X-BREAK S:HEV/Premium S:HEV（EXあり）。DBのTouring/Advance/S Limitedと世代の組合せが不整合。現行型の重量1600〜1630kgも公式1640〜1780kgの範囲外。"
"142","4474","スバル","フォレスター","6代目 (2024-)","X-BREAK","AWD","CVT","世代・グレード不整合","","","https://www.subaru.co.jp/news/2025_04_17_164724/","6代目の日本発売は2025年4月。グレードはSPORT/X-BREAK S:HEV/Premium S:HEV（EXあり）。DBのTouring/Advance/S Limitedと世代の組合せが不整合。現行型の重量1600〜1630kgも公式1640〜1780kgの範囲外。"
"143","4475","スバル","フォレスター","6代目 (2024-)","Advance","AWD","CVT","世代・グレード不整合","","","https://www.subaru.co.jp/news/2025_04_17_164724/","6代目の日本発売は2025年4月。グレードはSPORT/X-BREAK S:HEV/Premium S:HEV（EXあり）。DBのTouring/Advance/S Limitedと世代の組合せが不整合。現行型の重量1600〜1630kgも公式1640〜1780kgの範囲外。"
"144","4476","スバル","フォレスター","6代目 (2024-)","S Limited","AWD","CVT","世代・グレード不整合","","","https://www.subaru.co.jp/news/2025_04_17_164724/","6代目の日本発売は2025年4月。グレードはSPORT/X-BREAK S:HEV/Premium S:HEV（EXあり）。DBのTouring/Advance/S Limitedと世代の組合せが不整合。現行型の重量1600〜1630kgも公式1640〜1780kgの範囲外。"
"145","4859","スズキ","スペーシア","3代目 MK系 (2023-)","カスタム HYBRID GS ターボ","2WD","CVT","世代・グレード不整合","","","https://www.suzuki.co.jp/release/a/2023/1109/","3代目カスタムにHYBRID GS ターボはない。GSはNA、ターボはXSターボ。どちらか確定後に重量も修正。"
"146","4564","ホンダ","CR-V","6代目 (2024-)","e:HEV RS","2WD","CVT","世代・グレード不整合","","","https://global.honda/jp/news/2026/4260226-cr-v.html","登録データは2026年国内e:HEVと一致するが、2024年開始と表示。2024年の国内CR-V e:FCEVと混同させない。"
"147","4565","ホンダ","CR-V","6代目 (2024-)","e:HEV RS","4WD","CVT","世代・グレード不整合","","","https://global.honda/jp/news/2026/4260226-cr-v.html","登録データは2026年国内e:HEVと一致するが、2024年開始と表示。2024年の国内CR-V e:FCEVと混同させない。"
"148","4650","フェラーリ","プロサングエ","初代 (2023-)","Purosangue V12","AWD","8AT","照合項目一致","全長mm=4973 / 全幅mm=2028 / 全高mm=1589","","https://cdn.ferrari.com/cms/network/media/pdf/CS_Ferrari_Purosangue_EN.pdf","メーカー国際公表寸法との照合。日本の届出仕様の確認は別途必要。"
"149","4650","フェラーリ","プロサングエ","初代 (2023-)","Purosangue V12","AWD","8AT","重量種別不適切","","","https://cdn.ferrari.com/cms/network/media/pdf/CS_Ferrari_Purosangue_EN.pdf","登録重量2033kgはメーカーの乾燥重量。日本の車両重量と同一扱いで駐車場判定する根拠がない。補正値を推測せず車両重量を再取得。"
"150","4663","ランボルギーニ","レヴエルト","初代 (2024-)","レヴエルト","AWD","8DCT","照合項目一致","全長mm=4947 / 全幅mm=2033 / 全高mm=1160","","https://www.lamborghini.com/sites/it-en/files/DAM/lamborghini/facelift_2019/model_detail/revuelto/2024/brochure/07_23/REVUELTO_DIGITAL_BROCHURE_EN_2024.pdf","メーカー国際公表寸法との照合。日本の届出仕様の確認は別途必要。"
"151","4663","ランボルギーニ","レヴエルト","初代 (2024-)","レヴエルト","AWD","8DCT","重量種別不適切","","","https://www.lamborghini.com/sites/it-en/files/DAM/lamborghini/facelift_2019/model_detail/revuelto/2024/brochure/07_23/REVUELTO_DIGITAL_BROCHURE_EN_2024.pdf","登録重量1772kgはメーカーの乾燥重量。日本の車両重量と同一扱いで駐車場判定する根拠がない。補正値を推測せず車両重量を再取得。"
"152","4667","ランボルギーニ","ウラカン","EVO (2019-2024)","テクニカ","RWD","7DCT","照合項目一致","全長mm=4567 / 全幅mm=1933 / 全高mm=1165","","https://www.lamborghini.com/sites/it-en/files/DAM/lamborghini/facelift_2019/model_detail/huracan/tecnica/2024/07_22_brochure/Lamborghini%20Hurac%C3%A1n%20Tecnica_ES_WCAG.pdf","メーカー国際公表寸法との照合。日本の届出仕様の確認は別途必要。"
"153","4667","ランボルギーニ","ウラカン","EVO (2019-2024)","テクニカ","RWD","7DCT","重量種別不適切","","","https://www.lamborghini.com/sites/it-en/files/DAM/lamborghini/facelift_2019/model_detail/huracan/tecnica/2024/07_22_brochure/Lamborghini%20Hurac%C3%A1n%20Tecnica_ES_WCAG.pdf","登録重量1379kgはメーカーの乾燥重量。日本の車両重量と同一扱いで駐車場判定する根拠がない。補正値を推測せず車両重量を再取得。"
"154","4668","ランボルギーニ","テメラリオ","初代 (2025-)","テメラリオ","AWD","8DCT","照合項目一致","全長mm=4706 / 全幅mm=1996 / 全高mm=1201","","https://www.lamborghini.com/en-en/news/lamborghini-temerario-authentic-fuoriclasse","メーカー国際公表寸法との照合。日本の届出仕様の確認は別途必要。"
"155","4668","ランボルギーニ","テメラリオ","初代 (2025-)","テメラリオ","AWD","8DCT","重量種別不適切","","","https://www.lamborghini.com/en-en/news/lamborghini-temerario-authentic-fuoriclasse","登録重量1690kgはメーカーの乾燥重量。日本の車両重量と同一扱いで駐車場判定する根拠がない。補正値を推測せず車両重量を再取得。"
"156","4687","フェラーリ","12チリンドリ","初代 (2024-)","12チリンドリ","RWD","8DCT","照合項目一致","全長mm=4733 / 全幅mm=2176 / 全高mm=1292","","https://www.ferrari.com/content/dam/ferrari-fcom/old/pdf/CS_Ferrari_12Cilindri_gbr.pdf","メーカー国際公表寸法との照合。日本の届出仕様の確認は別途必要。"
"157","4687","フェラーリ","12チリンドリ","初代 (2024-)","12チリンドリ","RWD","8DCT","重量種別不適切","","","https://www.ferrari.com/content/dam/ferrari-fcom/old/pdf/CS_Ferrari_12Cilindri_gbr.pdf","登録重量1560kgはメーカーの乾燥重量。日本の車両重量と同一扱いで駐車場判定する根拠がない。補正値を推測せず車両重量を再取得。"
"158","4498","レクサス","NX","2代目 (2021-)","NX450h+ PHEV","AWD","CVT","条件注記不足","","","https://cpo.lexus.jp/resource/pdf/nx_202110.pdf","NX450h+の1990kgは18インチ選択時の値。標準20インチは2010kg。装備条件を明示する必要あり。"
"159","5026","スバル","インプレッサ","GU系 (2023-)","ST FF","2WD","CVT","条件注記不足","","","https://www.subaru.co.jp/pdf/news/2023_0420_1_2023-04-19-132902.pdf","高さ1450mmはルーフアンテナを倒した場合の公式発表値。シャークフィンでは+30mm。アンテナ条件の表示がない。"
"160","5027","スバル","インプレッサ","GU系 (2023-)","ST AWD","4WD","CVT","条件注記不足","","","https://www.subaru.co.jp/pdf/news/2023_0420_1_2023-04-19-132902.pdf","高さ1450mmはルーフアンテナを倒した場合の公式発表値。シャークフィンでは+30mm。アンテナ条件の表示がない。"
"161","4618","スズキ","ジムニー","4代目 JB64W (2018-)","XC","4WD","4AT","照合項目一致","全長mm=3395 / 全幅mm=1475 / 全高mm=1725 / 車両重量kg=1040","","https://www.suzuki.co.jp/suzuki_digital_library/pdf/1_auto/jimny/140.pdf","2018年7月仕様。全高はルーフアンテナを折り畳んだ状態。"
"162","4619","スズキ","ジムニー","4代目 JB64W (2018-)","XC","4WD","5MT","誤り確認","全長mm=3395 / 全幅mm=1475 / 全高mm=1725 / 車両重量kg=1030","車両重量kg: 1040 -> 1030","https://www.suzuki.co.jp/suzuki_digital_library/pdf/1_auto/jimny/140.pdf","2018年7月仕様。全高はルーフアンテナを折り畳んだ状態。"
"163","4618","スズキ","ジムニー","4代目 JB64W (2018-)","XC","4WD","4AT","条件注記不足","","","https://www.suzuki.co.jp/suzuki_digital_library/pdf/1_auto/jimny/140.pdf","全高1,725mmはルーフアンテナ格納時。"
"164","4619","スズキ","ジムニー","4代目 JB64W (2018-)","XC","4WD","5MT","条件注記不足","","","https://www.suzuki.co.jp/suzuki_digital_library/pdf/1_auto/jimny/140.pdf","全高1,725mmはルーフアンテナ格納時。"
"165","4419","ホンダ","フリード","3代目 (2024-)","AIR","4WD","CVT","誤り確認","車両重量kg=1460","車両重量kg: 1440 -> 1460","https://www.honda.co.jp/factbook/auto/FREED/202406/4240627-freed.pdf","2024年発売時 AIR 4WD 6人乗り。"
"166","4421","ホンダ","フリード","3代目 (2024-)","AIR EX","4WD","CVT","誤り確認","車両重量kg=1470","車両重量kg: 1450 -> 1470","https://www.honda.co.jp/factbook/auto/FREED/202406/4240627-freed.pdf","2024年発売時 AIR EX 4WD 6人乗り。"
"167","4428","ホンダ","フリード","3代目 (2024-)","e:HEV CROSSTAR","2WD","CVT","誤り確認","","","https://www.honda.co.jp/factbook/auto/FREED/202406/4240627-freed.pdf","e:HEV CROSSTAR FFは5人乗り1,480kg、6人乗り1,490kg。DB1,440kgはどちらよりも軽い。乗車定員を特定して修正する。"
"168","4429","ホンダ","フリード","3代目 (2024-)","e:HEV CROSSTAR","4WD","CVT","誤り確認","","","https://www.honda.co.jp/factbook/auto/FREED/202406/4240627-freed.pdf","e:HEV CROSSTAR 4WDは5人乗り1,560kg、6人乗り1,580kg。DB1,520kgはどちらよりも軽い。乗車定員を特定して修正する。"
"169","4383","トヨタ","プリウス","60系 5代目 (2023-)","G HV","2WD","CVT","照合項目一致","全長mm=4600 / 全幅mm=1780","","https://toyota.jp/pages/contents/carlineup/archive/prius/2024-03/pdf/prius_main_s_202403.pdf","2024年3月カタログ。G/Zはタイヤ選択による全高・重量の変化あり。"
"170","4384","トヨタ","プリウス","60系 5代目 (2023-)","G HV","4WD","CVT","照合項目一致","全長mm=4600 / 全幅mm=1780","","https://toyota.jp/pages/contents/carlineup/archive/prius/2024-03/pdf/prius_main_s_202403.pdf","2024年3月カタログ。G/Zはタイヤ選択による全高・重量の変化あり。"
"171","4385","トヨタ","プリウス","60系 5代目 (2023-)","Z HV","2WD","CVT","照合項目一致","全長mm=4600 / 全幅mm=1780","","https://toyota.jp/pages/contents/carlineup/archive/prius/2024-03/pdf/prius_main_s_202403.pdf","2024年3月カタログ。G/Zはタイヤ選択による全高・重量の変化あり。"
"172","4386","トヨタ","プリウス","60系 5代目 (2023-)","Z PHEV","2WD","CVT","照合項目一致","全長mm=4600 / 全幅mm=1780","","https://toyota.jp/pages/contents/carlineup/archive/prius/2024-03/pdf/prius_main_s_202403.pdf","2024年3月カタログ。G/Zはタイヤ選択による全高・重量の変化あり。"
"173","4383","トヨタ","プリウス","60系 5代目 (2023-)","G HV","2WD","CVT","誤り確認","","","https://toyota.jp/pages/contents/carlineup/archive/prius/2024-03/pdf/prius_main_s_202403.pdf","G HEV 2WD標準は全高1,430mm・1,400kg。17インチ仕様は全高1,420mm・1,380kg。DB1,360kgはUの値で、Gのいずれのタイヤ仕様とも一致しない。"
"174","4384","トヨタ","プリウス","60系 5代目 (2023-)","G HV","4WD","CVT","誤り確認","","","https://toyota.jp/pages/contents/carlineup/archive/prius/2024-03/pdf/prius_main_s_202403.pdf","G HEV E-Four標準は全高1,430mm・1,460kg。17インチ仕様は全高1,420mm・1,440kg。DB1,420kgはUの値で、Gのいずれのタイヤ仕様とも一致しない。"
"175","4385","トヨタ","プリウス","60系 5代目 (2023-)","Z HV","2WD","CVT","条件注記不足","","","https://toyota.jp/pages/contents/carlineup/archive/prius/2024-03/pdf/prius_main_s_202403.pdf","Z HEV 2WD標準は全高1,430mm・1,420kg、17インチ仕様は1,420mm・1,400kg。DBは全高1,430mm・1,400kgでタイヤ条件が混在。"
"176","4386","トヨタ","プリウス","60系 5代目 (2023-)","Z PHEV","2WD","CVT","照合項目一致","全高mm=1430 / 車両重量kg=1570","","https://toyota.jp/pages/contents/carlineup/archive/prius/2024-03/pdf/prius_main_s_202403.pdf","Z PHEV標準19インチ仕様。"
"177","4582","ホンダ","WR-V","初代 (2024-)","X","2WD","CVT","照合項目一致","全長mm=4325 / 全幅mm=1790 / 全高mm=1650 / 車両重量kg=1210","","https://www.honda.co.jp/WR-V/common/pdf/wrv_spec_list.pdf","X/Zの標準仕様。"
"178","4583","ホンダ","WR-V","初代 (2024-)","Z","2WD","CVT","照合項目一致","全長mm=4325 / 全幅mm=1790 / 全高mm=1650 / 車両重量kg=1230","","https://www.honda.co.jp/WR-V/common/pdf/wrv_spec_list.pdf","X/Zの標準仕様。"
"179","4566","ホンダ","ZR-V","初代 (2023-)","X 1.5T","2WD","CVT","照合項目一致","全長mm=4570 / 全幅mm=1840 / 全高mm=1620","","https://www.honda.co.jp/auto-archive/zr-v/2026/common/pdf/zrv_spec_list.pdf","2026年改良前のカタログ。X FFの重量はメーカーオプション条件を要確認。"
"180","4567","ホンダ","ZR-V","初代 (2023-)","Z 1.5T","2WD","CVT","照合項目一致","全長mm=4570 / 全幅mm=1840 / 全高mm=1620 / 車両重量kg=1490","","https://www.honda.co.jp/auto-archive/zr-v/2026/common/pdf/zrv_spec_list.pdf","2026年改良前のカタログ。X FFの重量はメーカーオプション条件を要確認。"
"181","4568","ホンダ","ZR-V","初代 (2023-)","e:HEV Z","2WD","CVT","照合項目一致","全長mm=4570 / 全幅mm=1840 / 全高mm=1620 / 車両重量kg=1580","","https://www.honda.co.jp/auto-archive/zr-v/2026/common/pdf/zrv_spec_list.pdf","2026年改良前のカタログ。X FFの重量はメーカーオプション条件を要確認。"
"182","4569","ホンダ","ZR-V","初代 (2023-)","e:HEV Z","4WD","CVT","照合項目一致","全長mm=4570 / 全幅mm=1840 / 全高mm=1620 / 車両重量kg=1630","","https://www.honda.co.jp/auto-archive/zr-v/2026/common/pdf/zrv_spec_list.pdf","2026年改良前のカタログ。X FFの重量はメーカーオプション条件を要確認。"
"183","4594","マツダ","CX-80","初代 (2024-)","XD S Package","2WD","8AT","照合項目一致","全長mm=4990 / 全幅mm=1890 / 全高mm=1705 / 車両重量kg=1990","","https://www.mazda.co.jp/globalassets/assets/cars/cx-80/common/pdf/cx-80_specification_202410.pdf","2025年3月仕様。S Package 1,705mmは正しい。L Packageはサンルーフなし、Premium Sportsはサンルーフ装着値。PHEVの重量・正確なグレード名は未確認。"
"184","4595","マツダ","CX-80","初代 (2024-)","XD L Package","4WD","8AT","照合項目一致","全長mm=4990 / 全幅mm=1890 / 全高mm=1710 / 車両重量kg=2040","","https://www.mazda.co.jp/globalassets/assets/cars/cx-80/common/pdf/cx-80_specification_202410.pdf","2025年3月仕様。S Package 1,705mmは正しい。L Packageはサンルーフなし、Premium Sportsはサンルーフ装着値。PHEVの重量・正確なグレード名は未確認。"
"185","4596","マツダ","CX-80","初代 (2024-)","XD-HYBRID Premium Sport","4WD","8AT","照合項目一致","全長mm=4990 / 全幅mm=1890 / 全高mm=1710 / 車両重量kg=2120","","https://www.mazda.co.jp/globalassets/assets/cars/cx-80/common/pdf/cx-80_specification_202410.pdf","2025年3月仕様。S Package 1,705mmは正しい。L Packageはサンルーフなし、Premium Sportsはサンルーフ装着値。PHEVの重量・正確なグレード名は未確認。"
"186","4597","マツダ","CX-80","初代 (2024-)","PHEV Premium","4WD","8AT","照合項目一致","全長mm=4990 / 全幅mm=1890 / 全高mm=1710","","https://www.mazda.co.jp/globalassets/assets/cars/cx-80/common/pdf/cx-80_specification_202410.pdf","2025年3月仕様。S Package 1,705mmは正しい。L Packageはサンルーフなし、Premium Sportsはサンルーフ装着値。PHEVの重量・正確なグレード名は未確認。"
"187","4466","マツダ","CX-60","初代 (2022-)","25S S Package","2WD","8AT","照合項目一致","全長mm=4740 / 全幅mm=1890 / 全高mm=1685","","https://www.mazda.co.jp/globalassets/assets/cars/cx-60/common/pdf/cx-60_catalog.pdf","2025年10月カタログ。寸法3項目のみ。重量は年式・装備条件が変わるため未確認。"
"188","4467","マツダ","CX-60","初代 (2022-)","25S L Package","2WD","8AT","照合項目一致","全長mm=4740 / 全幅mm=1890 / 全高mm=1685","","https://www.mazda.co.jp/globalassets/assets/cars/cx-60/common/pdf/cx-60_catalog.pdf","2025年10月カタログ。寸法3項目のみ。重量は年式・装備条件が変わるため未確認。"
"189","4468","マツダ","CX-60","初代 (2022-)","XD S Package","2WD","8AT","照合項目一致","全長mm=4740 / 全幅mm=1890 / 全高mm=1685","","https://www.mazda.co.jp/globalassets/assets/cars/cx-60/common/pdf/cx-60_catalog.pdf","2025年10月カタログ。寸法3項目のみ。重量は年式・装備条件が変わるため未確認。"
"190","4469","マツダ","CX-60","初代 (2022-)","XD L Package","4WD","8AT","照合項目一致","全長mm=4740 / 全幅mm=1890 / 全高mm=1685","","https://www.mazda.co.jp/globalassets/assets/cars/cx-60/common/pdf/cx-60_catalog.pdf","2025年10月カタログ。寸法3項目のみ。重量は年式・装備条件が変わるため未確認。"
"191","4470","マツダ","CX-60","初代 (2022-)","XD-HYBRID Premium Sports","4WD","8AT","照合項目一致","全長mm=4740 / 全幅mm=1890 / 全高mm=1685","","https://www.mazda.co.jp/globalassets/assets/cars/cx-60/common/pdf/cx-60_catalog.pdf","2025年10月カタログ。寸法3項目のみ。重量は年式・装備条件が変わるため未確認。"
"192","4471","マツダ","CX-60","初代 (2022-)","PHEV S Package","4WD","8AT","照合項目一致","全長mm=4740 / 全幅mm=1890 / 全高mm=1685","","https://www.mazda.co.jp/globalassets/assets/cars/cx-60/common/pdf/cx-60_catalog.pdf","2025年10月カタログ。寸法3項目のみ。重量は年式・装備条件が変わるため未確認。"
"193","4472","マツダ","CX-60","初代 (2022-)","PHEV Premium Sports","4WD","8AT","照合項目一致","全長mm=4740 / 全幅mm=1890 / 全高mm=1685","","https://www.mazda.co.jp/globalassets/assets/cars/cx-60/common/pdf/cx-60_catalog.pdf","2025年10月カタログ。寸法3項目のみ。重量は年式・装備条件が変わるため未確認。"
"194","4535","トヨタ","ノア","90系 (2022-)","S-Z 2.0L","2WD","CVT","照合項目一致","全長mm=4695 / 全幅mm=1730 / 全高mm=1895 / 車両重量kg=1640","","https://toyota.jp/pages/contents/carlineup/archive/noah/2022-01/pdf/noah_main_s_202201_202504.pdf","2022年1月～2025年4月仕様。S-Z HV 2WDの重量は装備条件が未特定のため未照合。"
"195","4536","トヨタ","ノア","90系 (2022-)","X 2.0L","2WD","CVT","照合項目一致","全長mm=4695 / 全幅mm=1730 / 全高mm=1895 / 車両重量kg=1600","","https://toyota.jp/pages/contents/carlineup/archive/noah/2022-01/pdf/noah_main_s_202201_202504.pdf","2022年1月～2025年4月仕様。S-Z HV 2WDの重量は装備条件が未特定のため未照合。"
"196","4537","トヨタ","ノア","90系 (2022-)","S-Z 2.0L","4WD","CVT","照合項目一致","全長mm=4695 / 全幅mm=1730 / 全高mm=1925 / 車両重量kg=1700","","https://toyota.jp/pages/contents/carlineup/archive/noah/2022-01/pdf/noah_main_s_202201_202504.pdf","2022年1月～2025年4月仕様。S-Z HV 2WDの重量は装備条件が未特定のため未照合。"
"197","4538","トヨタ","ノア","90系 (2022-)","S-Z HV","2WD","CVT","照合項目一致","全長mm=4695 / 全幅mm=1730 / 全高mm=1895","","https://toyota.jp/pages/contents/carlineup/archive/noah/2022-01/pdf/noah_main_s_202201_202504.pdf","2022年1月～2025年4月仕様。S-Z HV 2WDの重量は装備条件が未特定のため未照合。"
"198","4539","トヨタ","ノア","90系 (2022-)","S-Z HV","4WD","CVT","照合項目一致","全長mm=4695 / 全幅mm=1730 / 全高mm=1925 / 車両重量kg=1710","","https://toyota.jp/pages/contents/carlineup/archive/noah/2022-01/pdf/noah_main_s_202201_202504.pdf","2022年1月～2025年4月仕様。S-Z HV 2WDの重量は装備条件が未特定のため未照合。"
"199","4540","トヨタ","シエンタ","3代目 (2022-)","X 1.5L","2WD","CVT","照合項目一致","全長mm=4260 / 全幅mm=1695 / 全高mm=1695","","https://toyota.jp/pages/contents/sienta/003_p_001/pdf/sienta_spec_202608.pdf","寸法3項目のみ。年式・5/7人乗り条件未特定のため重量は未照合。"
"200","4541","トヨタ","シエンタ","3代目 (2022-)","Z 1.5L","2WD","CVT","照合項目一致","全長mm=4260 / 全幅mm=1695 / 全高mm=1695","","https://toyota.jp/pages/contents/sienta/003_p_001/pdf/sienta_spec_202608.pdf","寸法3項目のみ。年式・5/7人乗り条件未特定のため重量は未照合。"
"201","4542","トヨタ","シエンタ","3代目 (2022-)","Z HV","2WD","CVT","照合項目一致","全長mm=4260 / 全幅mm=1695 / 全高mm=1695","","https://toyota.jp/pages/contents/sienta/003_p_001/pdf/sienta_spec_202608.pdf","寸法3項目のみ。年式・5/7人乗り条件未特定のため重量は未照合。"
"202","4543","トヨタ","シエンタ","3代目 (2022-)","G HV","4WD","CVT","照合項目一致","全長mm=4260 / 全幅mm=1695 / 全高mm=1715","","https://toyota.jp/pages/contents/sienta/003_p_001/pdf/sienta_spec_202608.pdf","寸法3項目のみ。年式・5/7人乗り条件未特定のため重量は未照合。"
"203","4681","フェラーリ","488","GTB/Spider (2015-2019)","488 Pista","RWD","7DCT","照合項目一致","全長mm=4605 / 全幅mm=1975 / 全高mm=1206","","https://www.ferrari.com/content/dam/ferrari-fcom/old/pdf/cs_ferrari_488_pista_geneva_gbr.pdf","世界向け公表値との比較。日本仕様の登録値は別途確認が必要。"
"204","4681","フェラーリ","488","GTB/Spider (2015-2019)","488 Pista","RWD","7DCT","重量種別不適切","","","https://www.ferrari.com/content/dam/ferrari-fcom/old/pdf/cs_ferrari_488_pista_geneva_gbr.pdf","DB1,280kgは公式の乾燥重量（軽量オプション装着時）。同資料のkerb weightは1,385kgで105kg重い。日本の車両重量にそのまま代入せず、重量定義と日本仕様を特定する。"
"205","4616","スバル","クロストレック","初代 GU系 (2022-)","Touring","AWD","CVT","照合項目一致","全長mm=4480 / 全幅mm=1800 / 全高mm=1575 / 車両重量kg=1600","","https://scdam.subaru.jp/20241108/20241108171116crosstrek_specifications.pdf","2024年12月詳細諸元表。シャークフィンアンテナを含み、ルーフレールなしの全高。"
"206","4616","スバル","クロストレック","初代 GU系 (2022-)","Touring","AWD","CVT","条件注記不足","","","https://scdam.subaru.jp/20241108/20241108171116crosstrek_specifications.pdf","1,575mmは正しい。ルーフレール装着で+5mm、当時のTouringオーディオレスはアンテナを倒して-25mm。年式・装備条件を明記する。"
"207","4617","スバル","クロストレック","初代 GU系 (2022-)","Limited","AWD","CVT","照合項目一致","全長mm=4480 / 全幅mm=1800 / 全高mm=1575 / 車両重量kg=1610","","https://scdam.subaru.jp/20241108/20241108171116crosstrek_specifications.pdf","2024年12月詳細諸元表。シャークフィンアンテナを含み、ルーフレールなしの全高。"
"208","4617","スバル","クロストレック","初代 GU系 (2022-)","Limited","AWD","CVT","条件注記不足","","","https://scdam.subaru.jp/20241108/20241108171116crosstrek_specifications.pdf","1,575mmは正しい。ルーフレール装着で+5mm、当時のTouringオーディオレスはアンテナを倒して-25mm。年式・装備条件を明記する。"
"209","4843","ホンダ","シビック","11代目 FL系 (2021-)","EX ガソリン","2WD","CVT","照合項目一致","全長mm=4550 / 全幅mm=1800 / 全高mm=1415 / 車両重量kg=1370","","https://www.honda.co.jp/factbook/auto/CIVIC/202108/202108_CIVIC.pdf","2021年8月EX CVT。PDF39ページを画像で確認。"
"210","4844","ホンダ","シビック","11代目 FL系 (2021-)","e:HEV","2WD","e:HEV","誤り確認","全幅mm=1800 / 全高mm=1415 / 車両重量kg=1460","全高mm: 1410 -> 1415","https://www.honda.co.jp/factbook/auto/CIVIC_eHEV/202206/4220630-civic.pdf","2022年e:HEVも2026年e:HEV LXも全高1,415mm。登録1,410mmはRSと混同の可能性。全長は改良前4,550mm／後4,560mmのため、この行では未判定。"
"211","4844","ホンダ","シビック","11代目 FL系 (2021-)","e:HEV","2WD","e:HEV","照合項目一致","全長mm=4560","","https://www.honda.co.jp/CIVIC/common/pdf/civic_spec_list.pdf","改良後e:HEV LXとして全長は一致。DBの年式・グレード名を具体化する必要あり。"
"212","4839","ホンダ","フィット","4代目 GR系 (2020-)","ベーシック e:HEV","2WD","e:HEV","照合項目一致","全長mm=3995 / 全幅mm=1695 / 全高mm=1515","","https://www.honda.co.jp/auto-archive/fit/2022/common/pdf/fit_spec_list.pdf","BASIC/HOMEの2022年までの寸法。重量は未照合。BASICはアンテナ・ナビ条件に注意。"
"213","4840","ホンダ","フィット","4代目 GR系 (2020-)","ホーム e:HEV","2WD","e:HEV","照合項目一致","全長mm=3995 / 全幅mm=1695 / 全高mm=1540","","https://www.honda.co.jp/auto-archive/fit/2022/common/pdf/fit_spec_list.pdf","BASIC/HOMEの2022年までの寸法。重量は未照合。BASICはアンテナ・ナビ条件に注意。"
"214","4841","ホンダ","フィット","4代目 GR系 (2020-)","CROSSTAR e:HEV","2WD","e:HEV","誤り確認","全長mm=4095 / 全幅mm=1725 / 全高mm=1570 / 車両重量kg=1210","全高mm: 1565 -> 1570","https://www.honda.co.jp/Fit/common/pdf/fit_spec_list.pdf","現行CROSSTAR。4WD重量は1,280kg、FFは1,210kg。PDF表を画像確認。"
"215","4842","ホンダ","フィット","4代目 GR系 (2020-)","CROSSTAR e:HEV","4WD","e:HEV","照合項目一致","全長mm=4095 / 全幅mm=1725 / 全高mm=1570 / 車両重量kg=1280","","https://www.honda.co.jp/Fit/common/pdf/fit_spec_list.pdf","現行CROSSTAR。4WD重量は1,280kg、FFは1,210kg。PDF表を画像確認。"
"216","4503","BMW","X3","G45 (2024-)","xDrive30e PHEV","AWD","8AT","仕様特定必要","","","https://www.bmw.co.jp/content/dam/bmw/marketJP/bmw_co_jp/pdf/all-models/X/X3/X3_EPL_202504V1.pdf","登録G45 xDrive30e PHEVは参照した日本向け価格・諸元表に掲載なし。世界向けグレードと日本仕様の区別を確認。不存在と断定せず、日本での対象仕様特定待ち。"
